{
  "test/unit/controller/App-dbg.controller.js": 1629253977236,
  "controller/BaseController.js": 1629257827211,
  "test/unit/controller/App.controller.js": 1629253977236,
  "test/integration/pages/View1.js": 1629253977232,
  "test/integration/arrangements/Startup.js": 1629253977232,
  "test/unit/unitTests.qunit.js": 1629253977236,
  "test/unit/AllTests.js": 1629253977236,
  "test/integration/opaTests.qunit.js": 1629253977232,
  "test/integration/NavigationJourney.js": 1629253977232,
  "test/integration/AllJourneys.js": 1629253977232,
  "test/testsuite.qunit.js": 1629253977236,
  "test/initMockServer.js": 1629253977232,
  "model/models.js": 1629253977228,
  "localService/mockserver.js": 1629253977228,
  "controller/Overview.controller.js": 1629386616307,
  "controller/NotFound.controller.js": 1629256501357,
  "controller/ListSelector.js": 1629268985611,
  "controller/Carrier.controller.js": 1629429888516,
  "manifest.json": 1629430002201,
  "controller/App.controller.js": 1629268419586,
  "Component.js": 1629260110189,
  "manifest-bundle.zip": 1629430455603,
  "Component-preload.js": 1629430455842,
  "test/unit/unitTests.qunit-dbg.js": 1629253977236,
  "test/integration/pages/View1-dbg.js": 1629253977232,
  "test/integration/arrangements/Startup-dbg.js": 1629253977232,
  "i18n/i18n.properties": 1629254441543,
  "test/unit/AllTests-dbg.js": 1629253977236,
  "test/integration/opaTests.qunit-dbg.js": 1629253977232,
  "test/integration/NavigationJourney-dbg.js": 1629253977232,
  "test/integration/AllJourneys-dbg.js": 1629253977232,
  "test/testsuite.qunit-dbg.js": 1629253977236,
  "test/initMockServer-dbg.js": 1629253977232,
  "model/models-dbg.js": 1629253977228,
  "localService/mockserver-dbg.js": 1629253977228,
  "controller/Overview-dbg.controller.js": 1629386616307,
  "controller/NotFound-dbg.controller.js": 1629256501357,
  "controller/ListSelector-dbg.js": 1629268985611,
  "controller/Carrier-dbg.controller.js": 1629429888516,
  "controller/BaseController-dbg.js": 1629257827211,
  "controller/App-dbg.controller.js": 1629268419586,
  "Component-dbg.js": 1629260110189,
  "test/unit/unitTests.qunit.html": 1629253977236,
  "test/integration/opaTests.qunit.html": 1629253977232,
  "view/Overview.view.xml": 1629386545267,
  "view/NotFound.view.xml": 1629255820858,
  "view/Carrier.view.xml": 1629430144849,
  "view/App.view.xml": 1629258440769,
  "test/testsuite.qunit.html": 1629253977236,
  "test/mockServer.html": 1629253977232,
  "localService/metadata.xml": 1629385131605,
  "localService/mainService_Annotation.xml": 1629385131609,
  "fragment/ViewSettingsDialog.fragment.xml": 1629385519749,
  "css/style.css": 1629253977228,
  "index.html": 1629253977228
}