{
  "manifest.json": 1629174828868,
  "model/models.js": 1629174828868,
  "test/unit/controller/Main.controller.js": 1629174828876,
  "test/integration/pages/View1.js": 1629174828872,
  "test/integration/arrangements/Startup.js": 1629174828872,
  "test/unit/unitTests.qunit.js": 1629174828876,
  "test/unit/AllTests.js": 1629174828876,
  "test/integration/opaTests.qunit.js": 1629174828872,
  "test/integration/NavigationJourney.js": 1629174828868,
  "test/integration/AllJourneys.js": 1629174828868,
  "test/testsuite.qunit.js": 1629174828876,
  "test/initMockServer.js": 1629174828868,
  "i18n/i18n.properties": 1629174828864,
  "localService/mockserver.js": 1629174828864,
  "controller/Main.controller.js": 1629177960275,
  "Component.js": 1629174828860,
  "manifest-bundle.zip": 1629177992493,
  "Component-preload.js": 1629177992826,
  "test/testsuite.qunit-dbg.js": 1629174828876,
  "test/integration/pages/View1-dbg.js": 1629174828872,
  "test/integration/arrangements/Startup-dbg.js": 1629174828872,
  "test/unit/unitTests.qunit-dbg.js": 1629174828876,
  "test/unit/AllTests-dbg.js": 1629174828876,
  "test/integration/opaTests.qunit-dbg.js": 1629174828872,
  "test/integration/NavigationJourney-dbg.js": 1629174828868,
  "test/integration/AllJourneys-dbg.js": 1629174828868,
  "test/unit/controller/Main-dbg.controller.js": 1629174828876,
  "test/initMockServer-dbg.js": 1629174828868,
  "model/models-dbg.js": 1629174828868,
  "localService/mockserver-dbg.js": 1629174828864,
  "controller/Main-dbg.controller.js": 1629177960275,
  "Component-dbg.js": 1629174828860,
  "test/unit/unitTests.qunit.html": 1629174828876,
  "test/integration/opaTests.qunit.html": 1629174828872,
  "view/Main.view.xml": 1629174972884,
  "test/testsuite.qunit.html": 1629174828876,
  "test/mockServer.html": 1629174828872,
  "css/style.css": 1629174828864,
  "index.html": 1629174828864
}