{
  "test/unit/unitTests.qunit.js": 1629086437216,
  "test/integration/NavigationJourney.js": 1629086437204,
  "test/unit/controller/Main.controller.js": 1629086437212,
  "test/integration/pages/View1.js": 1629086437208,
  "test/integration/arrangements/Startup.js": 1629086437208,
  "i18n/i18n.properties": 1629086437200,
  "test/unit/AllTests.js": 1629086437212,
  "test/integration/opaTests.qunit.js": 1629086437208,
  "manifest.json": 1629086437200,
  "test/integration/AllJourneys.js": 1629086437204,
  "test/testsuite.qunit.js": 1629086437212,
  "test/initMockServer.js": 1629086437204,
  "model/models.js": 1629086437204,
  "localService/mockserver.js": 1629086437200,
  "controller/Main.controller.js": 1629086437196,
  "Component.js": 1629086437196,
  "manifest-bundle.zip": 1629086647961,
  "Component-preload.js": 1629086648341,
  "test/unit/controller/Main-dbg.controller.js": 1629086437212,
  "test/integration/pages/View1-dbg.js": 1629086437208,
  "test/integration/arrangements/Startup-dbg.js": 1629086437208,
  "test/unit/unitTests.qunit-dbg.js": 1629086437216,
  "test/unit/AllTests-dbg.js": 1629086437212,
  "test/integration/opaTests.qunit-dbg.js": 1629086437208,
  "test/integration/NavigationJourney-dbg.js": 1629086437204,
  "test/integration/AllJourneys-dbg.js": 1629086437204,
  "test/testsuite.qunit-dbg.js": 1629086437212,
  "test/initMockServer-dbg.js": 1629086437204,
  "model/models-dbg.js": 1629086437204,
  "localService/mockserver-dbg.js": 1629086437200,
  "controller/Main-dbg.controller.js": 1629086437196,
  "Component-dbg.js": 1629086437196,
  "test/unit/unitTests.qunit.html": 1629086437212,
  "test/integration/opaTests.qunit.html": 1629086437208,
  "view/Main.view.xml": 1629086549141,
  "test/testsuite.qunit.html": 1629086437212,
  "test/mockServer.html": 1629086437208,
  "css/style.css": 1629086437196,
  "index.html": 1629086437200
}