{
  "localService/mockserver.js": 1628488798731,
  "test/changes_preview.js": 1628488798735,
  "utils/locate-reuse-libs.js": 1628488798739,
  "manifest.json": 1628493539554,
  "test/changes_loader.js": 1628488798731,
  "i18n/i18n.properties": 1628493098778,
  "Component.js": 1628488798727,
  "manifest-bundle.zip": 1628493589295,
  "Component-preload.js": 1628493589567,
  "test/changes_preview-dbg.js": 1628488798735,
  "utils/locate-reuse-libs-dbg.js": 1628488798739,
  "test/changes_loader-dbg.js": 1628488798731,
  "localService/mockserver-dbg.js": 1628488798731,
  "Component-dbg.js": 1628488798727,
  "test/flpSandboxMockServer.html": 1628488798739,
  "test/flpSandbox.html": 1628488798735,
  "localService/metadata.xml": 1628488798743,
  "annotations/annotation.xml": 1628489905491,
  "index.html": 1628488798727
}